user_id,remap_id
sos0911,0
dnfl182,1
hja5432,2
jhnan917,3
siontama,4
wjd2632,5
woongseob12,6
deserve82,7
jeonyj1020,8
ljoghe,9
overwatcher123,10
rlwjd4177,11
sandlekang,12
whdauddbs,13
an3735297,14
ensia96,15
c4big,16
dozzing729,17
hsunj2003,18
object1997,19
qye5856,20
jayjangjooho,21
kangjoseph90,22
nw4611,23
2556,24
as00098,25
chad6027,26
geon0407,27
logeon0725,28
ten_ability,29
thoughtman2,30
thsgustlr0318,31
wuppu13579,32
potion,33
somin05314,34
yomyom0824,35
enil,36
given_zero,37
kimdle2,38
lucian0910,39
stlee,40
31n5ang,41
ajdxjdrnfl,42
als982001,43
baby_ohgu,44
khcho0125,45
lja9702,46
lys9546,47
taesung320,48
danimartinwife,49
eunsung_lim,50
mrseos,51
rueng564,52
thdruddyd21,53
tkwpvk789,54
whworjs7946,55
yooh3574,56
bjmci,57
chhh2017,58
cocuma,59
cyclone472,60
jbk2012,61
tjfvmfdydid_java,62
besung82,63
gglifer,64
hhs2u,65
hhs5125,66
jhj0421,67
kimhj0107,68
sorjfkrh5078,69
suee2125,70
001,71
doggai77,72
ggolong,73
heonil89,74
isac322,75
k106419,76
kmheaster,77
nsg,78
wjdtn7823,79
dlgprbs9441,80
jine2669,81
imkavin43,82
js1044k,83
psbnq,84
undefined_y,85
aforlife,86
catepk,87
chosh95,88
janeyi,89
kny031016,90
cmychs,91
jwakho,92
kty050121,93
rjs38,94
uh04049,95
amphet,96
derpwaffle21,97
jwh6896,98
jyou717,99
lustra,100
typhoon,101
zilliver,102
ddmanager,103
fbfbf1,104
nailbrainz,105
nsj6646,106
wan2good,107
147_369,108
copyrat90,109
dummymon,110
godgod3260,111
lemidia,112
magenta,113
qkrlwsnd,114
rabbitmjh,115
thddudgns79,116
tori1753,117
55murphy,118
ish333,119
kswamen,120
lvalue,121
dbtjd1928,122
dsbduwns414,123
mokalover,124
owell,125
protalk,126
siwoo10804_a,127
dlwocks1209,128
gashe7,129
maiego,130
mekind,131
pmn0001,132
rlarla97,133
arhbit,134
chlwndud2347,135
didrlgus,136
frimay28,137
whatisyourname,138
yyjin1217,139
ghddbtjr,140
ksw1220,141
leegh963,142
mendou12,143
gusqja8753,144
jys7451,145
kyi4210,146
sorajjy,147
ahj1077,148
austinkim,149
codingturtles,150
erin207,151
me081004,152
qkskskn,153
skyepodium,154
yjh256,155
dmson1218,156
dodo4se,157
nant0313,158
whddnr0218,159
zxc5430,160
bright330,161
fail,162
ghkdiwl,163
kdongha1103,164
rmk1075,165
wlqals1,166
zerovector,167
ediya,168
gofeel8,169
rorhcdream,170
scared22,171
y1j2sung,172
sinsung6722,173
kcm0147,174
nona1314,175
roal4611,176
ksoosung77,177
kyaryunha,178
daan,179
foolshift,180
hyoputer,181
jksk0115,182
rave189,183
scalalang,184
tjrdnjs99,185
wjdqlsdlsp,186
johan1103,187
woojw911,188
cloud4294,189
great0108,190
jokerkwu,191
kwon5891,192
namicad,193
pizzaroot,194
qjrmsktso2,195
sunjoo9912,196
swcert03,197
ujunhwan,198
waroad,199
wontpy20,200
2015136077,201
20210805,202
dsku,203
he1fire,204
hllee1021,205
ngchaneok,206
sjaks1546,207
skyworking,208
dldnjsrl,209
hu3123ss,210
lss5555,211
pjh96,212
ric5,213
kkkkkkkkfkfk,214
pia2011,215
asd147asd147,216
chdlswhd7,217
crusior96,218
ine,219
poohbilly2,220
sillsill777,221
yubincho3,222
ywoo093,223
starhot12,224
sukkie95,225
bmsk20,226
bychan99,227
hanadamoh,228
dltkdgns830,229
jinwook23,230
myju742,231
nhg1113,232
rollrat,233
pianory123,234
sdk926,235
wclee2265,236
wildvine09,237
baj2121,238
khrbuddy03,239
one10004,240
swimming,241
truthseeker,242
nmp9981,243
s4055,244
cppppppalgo,245
kevink1113,246
swhan9211,247
tjwjdgks43,248
pani,249
raydrakal,250
tkdgus0782,251
chkun3109,252
chobe1,253
girawhale,254
give654,255
heung,256
hyunya,257
js9028,258
jsm3465,259
sylim123,260
vmffotltka,261
dsa2341,262
lkyeon328,263
lovenody,264
qoalstjr,265
alswns5607,266
hws0728,267
khcho902,268
nain95,269
pdj9696,270
tjdgur23,271
ybs1164,272
112ckek,273
97k07h11,274
rkdtkdtn0706,275
gmroh06,276
hhhh1352,277
iron1209,278
smk6221,279
thereon42,280
beaverbae,281
hjl9345,282
pcrmcw0486,283
xhdwhfla56,284
happygeon,285
dn1016,286
huisleee,287
kokoro_pyon_pyon,288
moonsoo5522,289
se1620236,290
2000flora,291
42_jakang,292
baekwoo,293
cakelemon,294
ds5hmi,295
geonkang99,296
habaan,297
menstoo95,298
potatomonkey,299
qjatjr29,300
steve7867,301
tjdans6342,302
darkeroe,303
jack2020,304
original131,305
idd7403,306
jeongyeon95,307
jhhan11,308
jong980620,309
kimmoon4,310
sojindh,311
veydpz,312
axa1239,313
bluesquanium,314
bs1010,315
jaeyoungjae,316
kimhs,317
pulchra13,318
tbn23,319
wjh51333,320
dolly0920,321
huiyeong,322
klm1118,323
sangchu8864,324
zkfzpf56,325
12201808,326
aegamro,327
badit,328
betain24,329
eunoia_hr,330
kyun1016,331
npclinic3,332
oh20020409,333
hwa3060,334
syndrome5044,335
felis,336
hemi0213,337
kdj6551,338
kirvy810,339
kjyoa0009,340
mjh2903,341
pyb1031,342
rekalux,343
suho2718,344
sy77,345
wonij0,346
cirno4143,347
gugudan,348
hangeulkim,349
limsigmalover,350
nodays,351
rlawnddnjs12,352
1717197,353
palear39,354
thdalsgur804,355
2615240,356
chickenman,357
janetyoon,358
most323,359
rs30810,360
timbergrizz,361
an0520a,362
cdt416z,363
kimsj0302,364
nang1023,365
practice1,366
recursive,367
seunggi010,368
sickpickel,369
skqk126,370
ssyth19,371
veev13,372
innocentsnow,373
nsun9505,374
sjy366,375
1231js,376
ad9720,377
hg19910,378
higeuni,379
junha921,380
kangsw8940,381
kykapple,382
meantint,383
mrbartrns,384
nbh1224,385
pss407,386
yong6768,387
dustkd1004,388
kkm1447,389
mitslll,390
fabiano7,391
okmy729,392
pkc4913,393
roy752,394
rumble99,395
dksgusdnw,396
dongggle,397
bluetic123,398
djigfox,399
eytns,400
fredhur,401
gozigo00,402
wpghks7,403
jng6017,404
jonghyeok613,405
pseudope,406
whiteun,407
wowns1856,408
dahyun1226,409
eyiuta1,410
kwb6675,411
rjf1138,412
clsrnthd1,413
cys4439,414
dominyellow,415
gmlrhkd12345,416
iskang5532,417
kyh298494,418
nsa32752,419
rokkyw,420
ron0314,421
okkimkm,422
yoongh97,423
avengers,424
gg1985,425
karma_os,426
bull0429,427
kimkim031,428
kim_sang_oh,429
lcdoac12,430
seoin0110,431
tiro25,432
cool1259,433
daddy0h,434
ddrrpg,435
dhkdghehfdl,436
ehdgus628,437
ejrdnjs96,438
hep93,439
kangrnin,440
kssrcn,441
kyh7518,442
tolelom,443
xuzhunhe,444
dldydrhkd,445
ghssh1,446
shieldnet,447
sunkyuj,448
tnqkr98,449
12151492,450
aogog,451
deious,452
jer0618,453
ljwljw8541,454
pkcchoi3,455
plm2435,456
qazyj,457
sweetwave97,458
whdgml1996,459
vancomycin,460
20151571,461
arkay,462
bgjun0204,463
dnflekals,464
halang,465
hichoe95,466
minstar,467
parameter,468
pkchae97,469
siwoo,470
suskin25,471
te0461,472
alsgh9948,473
guno98,474
dslr,475
hajunjjang,476
hgc950909,477
hj1115hj,478
jason9605,479
kjj9987,480
smartwj,481
ssjhkim76,482
sunsal0704,483
bln01,484
hydthemoon,485
fixdatk9,486
kgw4073,487
o3oppp,488
spider0324,489
stppp,490
anji314,491
bconfiden2,492
ckddlf,493
godong10208,494
hy2850,495
qkrclrl701,496
ssnn2145,497
hjy7833,498
wlshddlek,499
7dudtj,500
bhn01158,501
Hibbah,502
khlee9606,503
kimhojin98,504
naangel0515,505
skyyy6,506
wjdgur9534,507
dlgldgld,508
guriguri8833,509
ju_h2,510
kimdh425,511
proqk,512
zozond,513
adung7,514
dndkwk,515
dndyd1231,516
jaehoo1,517
kimyh0316,518
rangsuk,519
rlawngus0910,520
selfm,521
dnrkgjsrn,522
dudgns2,523
gw0419,524
rlarlghks970113,525
staphaniek,526
ychh11232,527
choijoohee,528
gi1dong2,529
h9661,530
jangjeon,531
ljw8541,532
yuhanbae06,533
awayfromkeyboard,534
bkwak,535
bsa0322,536
daebalprime,537
joonhee305,538
park03851,539
gokimkq123,540
robin00q,541
skxz123,542
sus1226,543
testing,544
volada,545
wltks98,546
wooserk,547
ckyuha,548
cngjsrnr,549
coglyi,550
eric9709,551
guasls4663,552
hirussell,553
jsm5315,554
leedh2004,555
nbalance,556
ohwi,557
tomas3630,558
bjh3311,559
cocoon,560
djj,561
js3460,562
supernova1997,563
bbcc8417,564
dreamfinder2019,565
dr_kiwi,566
dtd602,567
gwanju,568
lyj4032,569
ohyeons,570
seokjin0706,571
jwjung0907,572
skyhp,573
4802852,574
afpine,575
choyungsoo,576
dlwhd990,577
dmswl022329,578
helloworld123,579
parksh5061,580
presls819,581
roonm813,582
stella161,583
tkstka0023,584
whdies816,585
windseed71,586
alrnd01,587
hygoni,588
jamasa97,589
boreng0817,590
k94earth,591
nuri2169,592
g072923,593
qwe11,594
rnjsrnrdnjs,595
9967han,596
akrnrnak9,597
awm7,598
baleian,599
empeng06,600
joe2357,601
seolminsik,602
soy4742,603
tkdgur3207,604
1hoon,605
610ksh,606
baesy2000,607
dcherish,608
good797979,609
hwangcw0613,610
kky0426,611
kneko,612
lsvk9921,613
ykdy3951,614
aranch,615
bdw3649,616
ch512hj,617
ehsson,618
gtavexir,619
gun025bba,620
haden,621
hi6863,622
jsyoo5b,623
j_aion,624
phpmysql,625
skrek269,626
sohj94,627
uyoi123,628
zeikar,629
dndlftls,630
helios789789,631
jamiserlee,632
qkswo,633
soda5406,634
todory2002,635
popoli31,636
samuel95,637
thproject,638
c9boom7,639
cos18,640
kevin981111,641
kiwon0502,642
rlaalswo9,643
sehwan1023,644
ssoo2024,645
thallus,646
vng598,647
wj100213,648
applebuddy,649
auburn0820,650
dfghcvb11,651
dodo3371,652
h920915,653
hunnam5220,654
j2ssicaalt,655
joonyoung1023,656
kimbob122,657
qaqa313a,658
bjw040343,659
ca00229,660
handserin,661
ozt88,662
skd6150,663
studioh,664
cottage123,665
dldydduq456,666
eldkqmfhf123,667
ian981130s,668
mduddns,669
njh0317,670
pangshe10,671
soonyubi,672
thrdud0423,673
thumb8432,674
xfile6912,675
dlwndms2544,676
dy1351,677
ehddb2252,678
ho2061401,679
joh3786,680
jwpee,681
minjun623,682
navinad,683
usagiyama,684
waninoko,685
yhj010597,686
483759,687
itsmeyjc,688
junchoi,689
keunhyung1996,690
mook0227,691
parksangji,692
ckck5050,693
dlgydnjs08,694
dongwon1226,695
kcj3054,696
mogu5723,697
paaapaaa,698
richiejang,699
tkddms150,700
zookeeper_464,701
bennyws,702
changsub00,703
dhrhd080,704
gustn158,705
kano2812,706
koki0824,707
mastojun,708
nohwiin,709
pok_winter,710
purpose,711
rha6780,712
sohn0356,713
ckd1675,714
eevee,715
hena_42,716
idarnoldkim,717
jkjan,718
ryuis,719
tlsdorye,720
kyw6541,721
wilgur513,722
ys1028j,723
angrynow,724
astein,725
grantzile,726
naannaan,727
139,728
blpoms,729
doubleslit1801,730
hongii2,731
jinibonoo,732
kublaihkan,733
panda8,734
joonseok_aaren_kang,735
pkiop,736
umrhiumrhi,737
widn45,738
yang6676,739
zkvnf23,740
zow777,741
baksa1849,742
ctwc55,743
honi,744
jinwoo4408,745
m2162003,746
main_dbstn,747
rlatpwlsdlek,748
shtmdqja43,749
veckal,750
3846chs,751
dayo05,752
ho8294,753
husk321,754
jeongdh1991,755
jinsu6628,756
jong_p,757
kimji66,758
kjw13,759
kyskkm2537,760
mindong7046,761
shikshik99,762
simm4256,763
thoon916,764
chrisais9,765
dgk051215,766
hueguem,767
kgh1030,768
marshmelloooooooooow,769
qorwnseop3,770
riverlike14,771
shin421179,772
sun950903,773
wlsdndml213,774
ywywyw,775
zoomspeed,776
cjeongmin,777
expect017,778
gm27376,779
jinsj1,780
joon8409,781
kimkh7534,782
kimmulgae,783
rain7i,784
reach1994,785
zox2323,786
bae1776,787
cheongm,788
duno72,789
ejqmf94,790
gmldud9605,791
jessica9685,792
outersky,793
rlawjddn4706,794
san9580,795
spring2,796
sumzi,797
vrzin,798
whghdud17,799
fivestar1103,800
ljs0531love,801
lsh1005,802
ppqhdl2,803
seonjong,804
shchang,805
thered,806
tkaltk321,807
cnh0214,808
geulims,809
hm2839,810
james_kylee,811
js_328,812
mementohora,813
ncs01060,814
qwerty08,815
seokminchang21,816
yek7334,817
0general,818
april338,819
ashpurple,820
chojo1532,821
ds020228,822
gotkddnjs,823
jerryv,824
jooncco,825
newhyunkun,826
uyt8989,827
ckwlsgh77,828
darkest358,829
dj9136,830
dk03006,831
forest14,832
gunhoflash,833
iopopoi,834
reenact,835
wonsgong,836
yeongjujeong1021,837
2sms22rjt,838
aosdhkstn,839
gtxplus,840
jdown,841
ks96ks,842
lshhi5,843
nnalove,844
windowdong11,845
xownd6235,846
aiden0413,847
fdsajklt2,848
jdhanjin,849
jsh15932,850
kks3793,851
kmsk99,852
tsh0003,853
vitriol95,854
yepp0112,855
ekyoo,856
gogosky1175,857
hiu03004,858
jiwon9187,859
qgqg264,860
allday0110,861
bahngeh,862
jaehaaheaj,863
jinia91,864
kimkyu1515,865
nan308,866
rivel0119,867
ssr0920,868
wldbs2043,869
cos8475,870
jongyeon95,871
kmsmsms0514,872
lsdtve,873
nonobbbnobnon,874
ohtuna,875
qjatn1009,876
sheenjiwon,877
teet4r,878
wodnjs471,879
ajtwlstmdgks,880
alphasobs,881
hsj0531,882
lordly,883
qazesc2h,884
sagit25,885
9hyuku,886
educated,887
gemote,888
junhyub3090,889
moonlit,890
njh21598,891
piano9637,892
pjh612,893
scsdavid,894
wooky9633,895
yunyul91,896
dltjrgh,897
hw0916,898
jungwoo5759,899
maytryark,900
skatn3,901
ssparta,902
tpwls8528,903
ye1111k,904
yoonjong1820,905
zookhee,906
bluemary,907
cocoball_v,908
dky0620,909
gudwnsgur,910
lmklove0,911
luok377,912
scalefreeus,913
songfox00,914
xpsxm468,915
zebulun86,916
jintak0401,917
jk6722,918
kimms2016,919
ilapie,920
thdwodnjs,921
ecila,922
fermion,923
hottinggot,924
jaq0424,925
jhpark1109,926
repelit,927
rltn2121,928
tipsyboy,929
viodle238,930
tjdqo0788,931
akxldkek,932
daun2348,933
dbswl4951,934
gksqlsl11,935
lifespank,936
zzangu0816,937
cheol7826,938
dltmdcks702,939
ree5745,940
sumini0715,941
junushabi123,942
7teen,943
alstjr3060,944
bfryn1004,945
bluehorn07,946
dukalee,947
gf234,948
gyeonga,949
halin,950
pos1070,951
shb115,952
shinbian11,953
te06008,954
terajoohyun,955
wferel,956
whdtls3878,957
yeongkyo1997,958
yiyj1030,959
arduinocc04,960
lekonell,961
mycool0905,962
sm123tt,963
wnstjd4778,964
yuda1124,965
yujn413,966
ahsahs3,967
hodduc,968
khd206,969
nanasin,970
pjh332,971
smucs13,972
vincentlim1,973
zvxc222,974
mangchhe,975
swjwpower,976
ataoka,977
bomin5957,978
dudwls901,979
ham5312,980
jua0610,981
kdr0515,982
gkdud583,983
hjk0498,984
hound233,985
hyeon930,986
illyamchi,987
rmsqor4,988
ahgg0315,989
applyoo,990
dorururu7595,991
idiot,992
iloveelsa,993
mapbox,994
jwcho99,995
sasca37,996
theverytak,997
true8bit,998
zbqmgldjfh,999
2tae,1000
dle2005,1001
dlgmlals3,1002
dlrtls12345,1003
fender,1004
fksk94,1005
isl0827,1006
jerryprk,1007
ksci195,1008
poer123,1009
sjy9484,1010
skdltm117,1011
sossont,1012
ssongkr,1013
vect_r,1014
dbsgur6896,1015
ebbunnim,1016
hsshin98,1017
jdyun15,1018
wodhks1105,1019
yhs03043,1020
yjsmk0902,1021
cleankid99,1022
good1317,1023
blessmealways00,1024
gunny6026,1025
l_hyun,1026
powerwonjun,1027
r4bb1t,1028
rollony,1029
zizon5941,1030
aigorithm,1031
bogun11904,1032
honeysleep,1033
kkt219a,1034
miki308,1035
minhookang,1036
newsanghoon,1037
okcho9807,1038
qhtjd844,1039
qkrehddus01,1040
sane2710,1041
sy46,1042
wandukong,1043
yeveyn,1044
yyoouunngg,1045
hun6728,1046
jane0516,1047
minjungw00,1048
ogh3568,1049
pty4437,1050
rladpcks7,1051
sksbbb,1052
vhxpffltm,1053
qkdwlghks00,1054
djdoc311,1055
dlandif22,1056
dongwook,1057
chu1214,1058
feynp,1059
jeong3127,1060
kshy9598,1061
myboss7,1062
ryun007,1063
lee_seulbi,1064
lsj1137,1065
uptoss12,1066
wjsdjqqpxj,1067
4hn6,1068
bcw2104,1069
bruce1115,1070
ddongh1122,1071
gioan92,1072
yermeong,1073
msk7529,1074
qkrwognl1703,1075
samgkgkgk,1076
thdalsrl10,1077
tmdals6718,1078
tommy1610,1079
dorrdorr9311,1080
Horaegi,1081
ikeelee7742,1082
drmaemi,1083
jdy0210,1084
jhw0406,1085
jukdang,1086
ktjooho,1087
minkue777,1088
pomecloud,1089
prisem,1090
yunjaena,1091
20183016,1092
dhtkdals25,1093
earthicko,1094
kbj2k,1095
ksgg1,1096
kwonarseus,1097
mayshin10,1098
noru0114,1099
sdy1437,1100
seok9211,1101
sh5444,1102
shinerbot,1103
templer151,1104
tjdgh4540,1105
Viento,1106
bbflowing,1107
chltmddus112,1108
chon_5,1109
dydtkd113,1110
hongsbin,1111
kobeomseok95,1112
komj,1113
lucas0730,1114
lycoris1600,1115
manhwag,1116
rbdud96,1117
rkdgh98,1118
rohsikdak,1119
smu04129,1120
bunnybunny,1121
cheolyeing_j,1122
bedrock17,1123
dynzqli371,1124
ftkem2003,1125
hoonti06,1126
kbk0421,1127
kuper0201,1128
minjun,1129
simba155,1130
skaduddn,1131
smk5647,1132
tjdgus3537,1133
wpql2057,1134
y_w2700,1135
gkstj0604,1136
hgkim916,1137
kankahuh,1138
limjh2255,1139
lms0806,1140
lshoon1128,1141
mojing1597,1142
namer12,1143
pi1199,1144
tempo001,1145
tony0413,1146
topgun0209,1147
1ilsang,1148
alsrb0607,1149
dongar97,1150
elixter,1151
gallopsys,1152
kkupalro,1153
onsemiro,1154
pkc1088,1155
qkralsdk39,1156
20140058,1157
changjunpyo,1158
elrion21,1159
honeymint31,1160
hs6113wj,1161
inc5025,1162
jtm0609,1163
lhch2004,1164
cheong,1165
bearsff,1166
daisycutter,1167
dangdangbase,1168
jina1206,1169
kimziou77,1170
osw,1171
sohu0121,1172
whdnddh,1173
yerimkjh,1174
zakelstorm,1175
kha0318,1176
kth1561,1177
kyj93790,1178
mksu234,1179
vel1024,1180
shkim050202,1181
alreadysolved,1182
amjong,1183
byungck3,1184
Conatuseus,1185
didgogns,1186
jungah,1187
leeju1013,1188
python4,1189
tpgml123,1190
wistlin47,1191
dyhwang95,1192
epstkd1220,1193
junslim11,1194
jyukki97,1195
msmn1729,1196
oo1463,1197
qkfskan82,1198
skdisk3895,1199
yujun93,1200
dbckdgur12,1201
ddb8036631,1202
dlwlgus9805,1203
hg9587,1204
jujeongho,1205
taseaja23,1206
xiufszh,1207
xofyd99,1208
yaho166442,1209
baxter,1210
chemoon100,1211
craalsgh97,1212
dudri63,1213
h00335,1214
highjun,1215
hoyyang22,1216
hyeonho28,1217
izone_joyuri,1218
jhyoon1607,1219
qwe2535,1220
rptrpt,1221
shining8543,1222
terec,1223
blueee95,1224
cds06126,1225
dau47,1226
hermit236,1227
kb28,1228
seokzin,1229
sgchoi5,1230
tjswlsdl135,1231
dlgldlg123,1232
dltkd1395,1233
hahywo1214,1234
iamtrueline,1235
jeymecom,1236
jhyub,1237
jinyoungchoi95,1238
msgee,1239
standingbell,1240
sy1207,1241
winterlood,1242
aegisduck,1243
chanho0912,1244
cktmdgns,1245
ehdgkr03,1246
hyun9520,1247
imjaegon,1248
jwp123,1249
kimbz123,1250
qkrwnstns52,1251
seungho_lee,1252
tlfla01,1253
traveller12,1254
2weeks0,1255
5320shin,1256
bghgu,1257
dlffff,1258
dw6952,1259
deleted,1260
doggydeok2,1261
evade,1262
fhtmfp12,1263
gyjinro,1264
hanjihye0714,1265
ia0102,1266
jagajang,1267
k1101jh,1268
kgr4163,1269
kyun2da,1270
lys7aves,1271
mdb1217,1272
operaghost,1273
orangewhitefox,1274
x75201,1275
yslim6168,1276
aspresso,1277
bluejoyq,1278
pjkov0824,1279
tang1993,1280
1sss123ss,1281
abel1802,1282
dong149,1283
nmrhtn7898,1284
sabsari5,1285
adds136078,1286
bc7817,1287
bds193,1288
beawall,1289
ju214425,1290
kasiwagi_hikari,1291
kdhae1231,1292
psm7335,1293
qwerty7525,1294
zpdlswmf12,1295
alonso14,1296
dhdhkeh1,1297
dktlsk6,1298
dygks232,1299
eachotherbest,1300
eeeuns,1301
gangjeuk,1302
gse123,1303
gustjq1101,1304
huozuyinshua,1305
jungsik328,1306
lovely5572,1307
pearan,1308
arrrrrrrrr,1309
csh3695,1310
friend1226,1311
gettls,1312
hyunji36,1313
jacky9852,1314
luckydyu,1315
ohsang98,1316
quack337,1317
tdm1223,1318
alftjd1,1319
bestowing,1320
hyun0830,1321
qndnd1,1322
omjin7n,1323
corock,1324
gudals113,1325
hsh5206,1326
james66won,1327
ksq111,1328
oh980225,1329
smjage522,1330
tjrcjf410,1331
dnwlscjf167,1332
entropy,1333
jbsam2,1334
jmy3033,1335
kskim,1336
kwon6460,1337
noble5712,1338
wltjr0920,1339
xorms86,1340
13579wkd,1341
ahdtld54,1342
aurora2001,1343
codingblock6512,1344
jdm115,1345
jkh9615,1346
lys312510,1347
marco2520332,1348
hope1609,1349
my3,1350
nfysh73,1351
oblige,1352
pghufs2015,1353
powerseunghun,1354
psh6585,1355
qocn9029,1356
rottoy,1357
second2820,1358
sun6782,1359
taxijjang,1360
xloolx03,1361
yangys2003,1362
6_6,1363
asbsds123,1364
borissal07,1365
dbdnsdb123,1366
duqrldudgns,1367
gidskql6671,1368
gon109,1369
kimjy0126,1370
leese5bj,1371
rkdus1177,1372
rookied1002,1373
sb123s,1374
wjdeh515,1375
yssy3135,1376
clock,1377
djestiny4444,1378
galgo,1379
gch04602,1380
kimhsuk97,1381
melontart,1382
dnfnfn14,1383
mjk3735,1384
timin123,1385
vnddnjs00,1386
xortm854,1387
97jaehak,1388
anais41721,1389
blucky8649,1390
changdae20,1391
ckqhfka4520,1392
dct27300923,1393
frtt0608,1394
lyj9975,1395
melon1124,1396
psw5274,1397
quantum,1398
seung7642,1399
skcom,1400
sonk55,1401
tearsmore,1402
uhi1117,1403
des0001,1404
elis100,1405
gobook1234,1406
hoijae0194,1407
jigns153,1408
kan5995,1409
lch9502,1410
lkh3157,1411
minyo0119,1412
q9922000,1413
seokjw96,1414
skydevilk,1415
theplatypus,1416
todayyy,1417
doksakim77,1418
edlsw,1419
hs980414,1420
hyunwoo0081,1421
jaypae95,1422
jihun333,1423
leecjs00,1424
prefer2,1425
sharosoo,1426
sofod12,1427
yeonji,1428
average10,1429
cubic,1430
gmelddl514,1431
heehcs,1432
hjy0507,1433
hl0412,1434
ishlove7,1435
jaejin94,1436
jihoonwang98,1437
leleluv1122,1438
ooiidd,1439
pathfinder,1440
powerkim417,1441
prkg7341,1442
solorsystem1,1443
yjm6560,1444
andongjoo,1445
asdfasd,1446
asdhugh1,1447
calgarylof,1448
fantacy,1449
hsu2016,1450
le_effort,1451
mnhan0403,1452
niceb5y,1453
kepler186f,1454
vice_versa,1455
ckck803,1456
eksrks0310,1457
hoon00917,1458
jay7289,1459
koreatlwls,1460
lee2003121,1461
ndb796,1462
niji_k,1463
play55,1464
rycbar2592,1465
samsohn0128,1466
seoyoniee22,1467
wooyoo,1468
alperatz,1469
aprilmagnificat,1470
chansolpark7,1471
cx8achim,1472
destin,1473
loginto,1474
phcdream,1475
hdh4952,1476
solsam10,1477
supreme5876,1478
wogh6475,1479
yeolyi,1480
1729750,1481
csean1998,1482
csehyoung,1483
dlehdtjq00,1484
dudghk0916,1485
jrhong95,1486
kevin2540,1487
kmk130519,1488
pyoun6599,1489
sonofgod1362,1490
theft,1491
yunyshs01,1492
ahj1592,1493
ast3138,1494
car991231,1495
cho7637,1496
dkfghg3,1497
godmoon00,1498
gusdnr9875,1499
hjson817,1500
kimnamu,1501
kronos,1502
lewns2,1503
rjsah5676,1504
syghkd,1505
whqtkf12,1506
withham1,1507
won001214,1508
yhkim8917,1509
archane5276,1510
equation9,1511
jjabi22,1512
kdh01517,1513
kimdongyul51,1514
minjae705,1515
mj2park,1516
soo0103,1517
speedroid,1518
zcae102,1519
aya01312,1520
chisukj,1521
elfn7397,1522
junhwan26,1523
ktykty0722,1524
lws_kahn,1525
pypi1103,1526
rlaqhdns,1527
solicat3380,1528
subeloper,1529
swj0324,1530
updown2011,1531
ap4o,1532
chongal0128,1533
connor101,1534
jaee07,1535
jse03310,1536
nis9857,1537
snmhz325,1538
vecum0814,1539
orb_h,1540
riverboy94,1541
wts1597,1542
yujong_lee,1543
4100jh,1544
gbds234,1545
krong6930,1546
llsg822,1547
saksak1527,1548
renkousami,1549
silverlic,1550
suddenly,1551
vionicbest,1552
yimjunhyuck,1553
314programs,1554
asdf99245,1555
cocobino,1556
comolove,1557
geniemo,1558
gun2841,1559
jaeminkim408,1560
kinh5026,1561
oolop,1562
sneakstarberry,1563
sonbe8704,1564
worldi77,1565
ajw998,1566
banner4,1567
billy0127,1568
blackiron,1569
cottory,1570
dgneel,1571
heesuk9898,1572
jhj980821,1573
popopy0412,1574
qkrdnjsrl,1575
silberis,1576
xptmxmtest,1577
baek0318,1578
bakh1,1579
chokim159,1580
cms5380,1581
gkuer,1582
Glitterlance,1583
koalakid,1584
jeonggu223,1585
mjj,1586
mstone8370,1587
qodydgk8624,1588
roeniss,1589
soyuz67,1590
sujeng97,1591
tkddufdl77,1592
walker123,1593
wonth93,1594
xogh20321,1595
alinghi,1596
cyi1207,1597
evga7,1598
fjvbn2003,1599
k5nen,1600
krst50,1601
luiz4our,1602
mandos95,1603
qotmd01,1604
rbud613,1605
rlarlejr282,1606
seong505,1607
wjsghdejr12,1608
aahcbird,1609
alanturing,1610
delena0702,1611
didwns7347,1612
gurwls2399,1613
i0594436,1614
kongeuniii,1615
neguri0235,1616
wjawksl,1617
wlsxkr77,1618
219tyk,1619
ag502,1620
chabt,1621
chunseunghun,1622
dydals1234,1623
egg528,1624
ehdrmsl2001,1625
eric99kr,1626
hsw3014,1627
kimby469,1628
kyl123451,1629
ljy4201,1630
oso0310,1631
pofer95,1632
rnjstpgns92,1633
sharhp21,1634
star0202_dev,1635
beauboy,1636
biank,1637
blutics,1638
ckd448,1639
code_thanos,1640
durumi99,1641
eotkd4791,1642
gasoul,1643
gofmsldks,1644
jeukoh,1645
l0z1k,1646
pyk93,1647
rladudwls500,1648
yoodori5,1649
seaworld0125,1650
bitlez3470,1651
deviltina,1652
hellominchan,1653
jung8508,1654
junhardstudy,1655
jy11100,1656
lovemimo,1657
mardi2230,1658
onsoim,1659
msg016,1660
psh6464,1661
songjuh,1662
sounhs2000,1663
ys200209,1664
10jobss,1665
alsrl9,1666
alsyd024,1667
jeongks94,1668
jindex2411,1669
leejonghun,1670
sd12339,1671
bhwi,1672
das02115,1673
hosun1804,1674
koko9141,1675
sb3991,1676
wjdgus112,1677
algorian,1678
ctk0327,1679
idwooin,1680
kdcal035,1681
megaton920,1682
onooff,1683
park10882,1684
pyoun820,1685
syphon,1686
ujtel1234,1687
yhsooi,1688
antonwithai,1689
chojl1125,1690
eliza,1691
imgoingnow,1692
juhyun167,1693
nonassembly,1694
rudgh9242,1695
tjsrb7575,1696
vince0419,1697
william9906,1698
wnsgus821,1699
wnwngudwns,1700
worldismine,1701
dbsrlwo1,1702
hdw9610,1703
kjmin622,1704
occidere,1705
y2h000123,1706
auaicn,1707
inhoo,1708
lymchgmk,1709
mmcode,1710
sr5757,1711
vage,1712
wogns0108,1713
minjoonist,1714
dlcksdnd321,1715
limequeen,1716
llllilll,1717
profornnan,1718
tmdghks9574,1719
zas777,1720
5862www,1721
cfbn12,1722
doublej20,1723
galid1,1724
holim0,1725
HowlingOfSouL,1726
jjj7061,1727
jk04172,1728
kadragon,1729
seongbeen93,1730
trololo,1731
wjdtj9656,1732
wkqk66,1733
yn7834,1734
aerocode,1735
djqtdjehfdkrk,1736
goodlucky00,1737
hsro2228,1738
jnus100,1739
kwhy2345,1740
loes353,1741
dlcodms123,1742
epimiral,1743
fercury,1744
jsb304,1745
juice500,1746
arsgsg,1747
asd0236,1748
bhm7266,1749
gudrkrsla,1750
hanju1998,1751
hansorly,1752
harryhajinchung,1753
jooijin,1754
kdh5163,1755
rhqnrdl625,1756
seungseob915,1757
wjdtmddnr24,1758
gusgh3315,1759
hnduddn,1760
jazzdosa,1761
jybin321,1762
kdy246,1763
kimjy392,1764
sc3289,1765
silas,1766
tjy2202,1767
hhyc2,1768
iks15174,1769
iqeq1989,1770
kisrin4319,1771
kkccmm1202,1772
naa821,1773
protoseo,1774
s48011,1775
shipinwater,1776
wlsgur0717,1777
dksskgus923,1778
fkqbd95,1779
gbe0808,1780
jhk8169,1781
jin60641,1782
kjw2448,1783
mshlsh,1784
sis04013,1785
usj0119,1786
wldudwn77,1787
yh1483,1788
2012monk,1789
akainoo,1790
akvk98,1791
asdfguest,1792
fanjae,1793
hogisim314,1794
hyunwoo045,1795
jo1997,1796
layer6ai,1797
leek018,1798
marona,1799
yellow2041,1800
95kim1,1801
chewin9,1802
chotjd329,1803
kn1996,1804
kyo289,1805
mini0shark,1806
pmqa,1807
yoyoyo5639,1808
hishine6,1809
presentsong,1810
qkrwnghd96,1811
sobu0715,1812
boxer1532,1813
exito,1814
kimmysh,1815
liging,1816
ruddks1001,1817
wnsrl4067,1818
yms21888,1819
a891,1820
emforhs246,1821
gkscodus11,1822
gsmin2020,1823
j961224,1824
kimug2145,1825
nanta0112,1826
san9640,1827
doorisopen,1828
gandi0330,1829
haptic12,1830
kis03160,1831
qse1346,1832
rlfdldjaak22,1833
ybin108,1834
neneg273,1835
swsda95,1836
vvprac,1837
wd78wg,1838
cnocycle,1839
flash1117,1840
jokwere,1841
kim031504,1842
meme2367,1843
ngeol564,1844
normit,1845
pbh0403,1846
ppp123,1847
prw5399,1848
sarna,1849
shjj09,1850
sohnjunior,1851
college2007,1852
gomamon,1853
hiarc_official,1854
ijdmc2002,1855
mettew0585,1856
okt1995,1857
qudgus21,1858
songjc411,1859
usefulhyun,1860
cano721,1861
chhan2759,1862
err2083,1863
ggyeeungg,1864
godgod732,1865
kimhyun98,1866
latter2005,1867
mins0214,1868
pjk3015,1869
rhacnddl,1870
snailgod86,1871
themion,1872
tomy9729,1873
y123on,1874
ckqkaxhf98,1875
goehd4551,1876
hydy11,1877
magatonman,1878
miso97o,1879
namboo1994,1880
pks2131,1881
wans038,1882
whd9612,1883
ygh0410,1884
alsrl8259,1885
dhehdgus804,1886
dnstkd110,1887
dustn9401,1888
edh1021,1889
fourjae,1890
ghktjq1119,1891
junhok82,1892
akdgns12,1893
cactusnoh,1894
gnsgnsek,1895
hlee118,1896
lomotos10,1897
nikeinmyheart,1898
ccoco,1899
joon2387,1900
korxn2489,1901
lickelon,1902
lobby0517,1903
mhi0118,1904
perseids,1905
simpleisthebest,1906
woongs,1907
akswocho,1908
dlgksrlf,1909
gksmfwm1000,1910
gofkdvjvl,1911
haung921209,1912
jiwoo96,1913
l2x3ge,1914
mmiimin,1915
oko_ha,1916
wjddms206,1917
wlsdhr0831,1918
ytw0728,1919
debuglog,1920
dotoeoo,1921
fegler,1922
pf7,1923
progresivojs,1924
rlfgud91,1925
skarmr21x,1926
ysyoung1011,1927
asdzxcqwe456,1928
canoe726,1929
changhoi0522,1930
dbs3924,1931
dhlee318,1932
jdyj,1933
jjjyyy7466,1934
poiu694,1935
sum_mit45,1936
weplaygame,1937
wldls31,1938
0106658lee,1939
koqj123,1940
ksd5653,1941
lalalalz,1942
math0917,1943
minwoo9629,1944
paki1019,1945
vaite714,1946
yeyeah1,1947
algorithm_beginner,1948
chungdk1993,1949
gozj3319,1950
loy15091,1951
luke1046,1952
makusta,1953
mrj0115,1954
njh215,1955
ponyong,1956
vix849,1957
wndyd9557,1958
youngboss,1959
baemung,1960
gmasi112,1961
gygacpu,1962
hanchaa,1963
hello_world1,1964
insung151,1965
jhp2060,1966
kywoo26,1967
luckystay,1968
nkim40181,1969
rso1129,1970
thxios457,1971
unixcpu,1972
yooso020599,1973
daepoid,1974
ehdtjskaqhd,1975
guswns3371,1976
hypercoding,1977
jiy12345,1978
luvlee21,1979
mh97888,1980
sskimin4,1981
gopas777,1982
hayj04,1983
jwjin95,1984
kkg0510,1985
kuro11pow2,1986
mevol,1987
nam2934,1988
newsweetrain822,1989
readyq,1990
rkdud0925,1991
song98987,1992
srlee96,1993
vhal1309,1994
woo2771685,1995
wown252,1996
2318ws,1997
antler07,1998
chjh121,1999
